<script app="Snap! 9.0, https://snap.berkeley.edu" version="2"><blocks><block-definition s="Draw a block of size %&apos;x&apos; and recursively draw it in the middle %&apos;y&apos; times" type="command" category="motion"><header></header><code></code><translations></translations><inputs><input type="%n"></input><input type="%n"></input></inputs><script><block s="doFor"><l>i</l><l>1</l><block var="y"/><script><block s="down"></block><block s="forward"><block var="x"/></block><block s="turn"><l>90</l></block><block s="forward"><block var="x"/></block><block s="turn"><l>90</l></block><block s="forward"><block var="x"/></block><block s="turn"><l>90</l></block><block s="forward"><block var="x"/></block><block s="turn"><l>90</l></block><block s="up"></block><block s="doSetVar"><l>x</l><block s="reportQuotient"><block var="x"/><l>2</l></block></block><block s="changeXPosition"><block s="reportQuotient"><block var="x"/><l>2</l></block></block><block s="changeYPosition"><block s="reportVariadicProduct"><list><l>-1</l><block s="reportQuotient"><block var="x"/><l>2</l></block></list></block></block></script></block></script><scripts><script x="242.67317708333326" y="353.50000000000017"><block var="i"/></script><script x="267.48046875" y="147.33333333333337"><block s="reportVariadicProduct"><list><l>2</l><l></l></list></block></script><script x="283.48046875" y="109.33333333333339"><block var="i"/></script><script x="232.5859375" y="119.33333333333339"><block s="reportQuotient"><l></l><l></l></block></script><script x="289.5859375" y="184.16666666666669"><block s="reportQuotient"><l></l><block var="i"/></block></script><script x="289.5859375" y="247.99999999999994"><block s="reportQuotient"><l></l><block var="i"/></block></script><script x="306.5859375" y="284.8333333333332"><block s="reportQuotient"><l></l><block var="i"/></block></script></scripts></block-definition></blocks><script><custom-block s="Draw a block of size %n and recursively draw it in the middle %n times"><l>150</l><l>3</l></custom-block></script></script>